"踊",dx,master
"うっせぇわ",dx,master
"残響散歌",dx,master
"YONA YONA DANCE",dx,master
"春を告げる",dx,master
"夜に駆ける",dx,master
"廻廻奇譚",dx,master
veil,dx,master
"秒針を噛む",dx,master
"だから僕は音楽を辞めた",dx,master
"前前前世",std,master
"くらべられっ子",dx,master
"あの世行きのバスに乗ってさらば。",dx,master
"泥の分際で私だけの大切を奪おうだなんて",dx,master
"　",dx,master
"Princess♂",dx,master
"Photon Melodies",dx,master
"吾輩よ猫であれ",dx,master
"剣を抜け！GCCX MAX",dx,master
"ヒトガタ",dx,master
"オントロジー",dx,master
VOLTAGE,dx,master
"Virtual to LIVE",dx,master
"Shiny Smily Story",dx,master
"Shooting Stars",dx,master
"MOON NIGHTのせいにして",dx,master
"ドラゴンエネルギー",dx,master
"冬のこもりうた",dx,master
"いつかいい感じにアレしよう",dx,master
"君の知らない物語",dx,master
"君の知らない物語",std,master
"ネ！コ！",std,master
"only my railgun",std,master
"REVIVER オルタンシア・サーガ -蒼の騎士団- オリジナルVer.",std,master
"真・ハンサム体操でズンドコホイ",std,master
"GET!! 夢&DREAM",std,master
"バラライカ",std,master
"若い力 -SEGA HARD GIRLS MIX-",std,master
"セハガガガンバッちゃう！！",std,master
"ラブリー☆えんじぇる!!",std,master
"ラブって♡ジュエリー♪えんじぇる☆ブレイク！！",std,master
"デビル☆アイドル",dx,master
"POP STAR",std,master
"Love or Lies",std,master
jelly,std,master
"美しく燃える森",std,master
"Love You",std,master
"come again",std,master
Future,std,master
"NIGHT OF FIRE",std,master
YATTA!,std,master
fake!fake!,std,master
"HIMITSUスパーク",std,master
"日本の米は世界一",std,master
"HOT LIMIT",dx,master
"ハム太郎とっとこうた",dx,master
"おジャ魔女カーニバル!!",dx,master
"true my heart -Lovable mix-",std,master
"ウッーウッーウマウマ(ﾟ∀ﾟ)",std,master
"Rodeo Machine",std,master
"ポップミュージックは僕のもの",std,master
"ジンギスカン",std,master
"ミラクル・ショッピング",std,master
"ウマイネームイズうまみちゃん",dx,master
"きらっせ☆ウッド村ファーム",std,master
"にじよめちゃん体操第一億",std,master
"インドア系ならトラックメイカー",dx,master
"タケモトピアノCMソング",dx,master
"フォニイ",dx,master
"ヴィラン",dx,master
EYE,dx,master
"エンヴィーベイビー",dx,master
KING,dx,master
"アニマル",dx,master
"ジレンマ",dx,master
"ヴァンパイア",dx,master
"ネガティブ進化論",dx,master
"乙女解剖",dx,master
"アンドロイドガール",dx,master
"ヒバナ",std,master
"妄想感傷代償連盟",std,master
"ゴーストルール",dx,master
"ゴーストルール",std,master
"ストリーミングハート",std,master
"二息歩行",std,master
"モザイクロール",dx,master
"モザイクロール",std,master
"弱虫モンブラン",std,master
"エゴロック",dx,master
"ジャンキーナイトタウンオーケストラ",dx,master
"テレキャスタービーボーイ",dx,master
"表裏一体",dx,master
"初音天地開闢神話",dx,master
"僕は空気が嫁ない",dx,master
"デッドマンズバラッド",dx,master
"終点",std,master
"終焉逃避行",dx,master
"ただ選択があった",dx,master
"グッバイ宣言",dx,master
"春嵐",dx,master
"ラグトレイン",dx,master
"幽霊東京",dx,master
"命に嫌われている",dx,master
"だれかの心臓になれたなら",dx,master
"ビターチョコデコレーション",dx,master
"ノイローゼ",dx,master
"悪魔の踊り方",dx,master
"ベノム",dx,master
"マネマネサイコトロピック",dx,master
"失敗作少女",dx,master
"自傷無色",dx,master
"劣等上等",dx,master
"雨とペトラ",dx,master
"シャルル",dx,master
"シャルル",std,master
"お気に召すまま",std,master
"ナンセンス文学",std,master
CocktaiL,dx,master
"ロールプレイングゲーム",std,master
"すーぱーぬこになれんかった",dx,master
"すーぱーぬこになりたい",std,master
"立ち入り禁止",std,master
"quiet room",dx,master
"初音ミクの激唱",std,master
"初音ミクの消失",std,master
"リモコン",dx,master
"on the rocks",dx,master
"アカツキアライヴァル",dx,master
"セツナトリップ",dx,master
"セツナトリップ",std,master
"放課後ストライド",std,master
"ポッピンキャンディ☆フィーバー！",dx,master
"どぅーまいべすと！",dx,master
"スターリースカイ☆パレード",dx,master
"はやくそれになりたい！",std,master
"Alice in 冷凍庫",dx,master
"アスノヨゾラ哨戒班",dx,master
"キミノヨゾラ哨戒班",std,master
"再会",dx,master
"約束",dx,master
"メルティランドナイトメア",dx,master
"ヒビカセ",std,master
"+♂",std,master
"おこちゃま戦争",std,master
"猫猫的宇宙論",dx,master
"明星ギャラクティカ",dx,master
"太陽系デスコ",dx,master
"彗星ハネムーン",std,master
"ダンスロボットダンス",dx,master
"ダンスロボットダンス",std,master
"エイリアンエイリアン",std,master
"パーフェクト生命",std,master
"とりあえずアナタがいなくなるまえに",dx,master
"ヘルシーエンド",std,master
"アルティメットセンパイ",dx,master
"頓珍漢の宴",std,master
"ありふれたせかいせいふく",std,master
"腐れ外道とチョコレゐト",std,master
"ディカディズム",dx,master
"命ばっかり",std,master
"フラジール",std,master
"フィクサー",std,master
"永遠にゲームで対戦したいキリタン",dx,master
"絶対にチョコミントを食べるアオイチャン",dx,master
"アカリがやってきたぞっ",dx,master
"Seyana. ～何でも言うことを聞いてくれるアカネチャン～",std,master
"幾望の月",dx,master
"トラフィック・ジャム",dx,master
"ラットが死んだnew words",dx,master
"阿吽のビーツ",dx,master
"デリヘル呼んだら君が来た",dx,master
"絶え間なく藍色",dx,master
"ガランド",dx,master
"アンクローズ・ヒューマン",dx,master
"深海シティアンダーグラウンド",dx,master
"KILLER B",dx,master
"スロウダウナー",dx,master
"グリーンライツ・セレナーデ",dx,master
METEOR,dx,master
"だからパンを焼いたんだ",dx,master
"メルト",dx,master
"デンパラダイム",dx,master
"骸骨楽団とリリア",dx,master
"星屑ユートピア",dx,master
"アマツキツネ",dx,master
"Strobe♡Girl",dx,master
"39みゅーじっく！",dx,master
"いーあるふぁんくらぶ",dx,master
"いーあるふぁんくらぶ",std,master
"ロキ",std,master
"バレリーコ",std,master
"イカサマライフゲイム",dx,master
"六兆年と一夜物語",dx,master
"六兆年と一夜物語",std,master
"敗北の少年",std,master
"インビジブル",std,master
"拝啓ドッペルゲンガー",std,master
"人生リセットボタン",std,master
"リンカーネイション",std,master
39,dx,master
39,std,master
"Catch the Wave",dx,master
"Tell Your World",std,master
"クレイジー・ビート",dx,master
"ネトゲ廃人シュプレヒコール",std,master
"グラーヴェ",dx,master
ARROW,std,master
"アスヘノBRAVE",dx,master
M.S.S.Planet,dx,master
M.S.S.Planet,std,master
"バイオレンストリガー",dx,master
"サヨナラチェーンソー",dx,master
"チュルリラ・チュルリラ・ダッダッダ！",std,master
"脳漿炸裂ガール",dx,master
"脳漿炸裂ガール",std,master
"厨病激発ボーイ",std,master
"アディショナルメモリー",dx,master
"アウターサイエンス",std,master
"夜咄ディセイブ",std,master
"カゲロウデイズ",std,master
"白ゆき",std,master
"ウミユリ海底譚",std,master
"だんだん早くなる",std,master
"恋愛裁判",std,master
"からくりピエロ",std,master
"WORLD'S END UMBRELLA",std,master
"結ンデ開イテ羅刹ト骸",std,master
"ドーナツホール",std,master
"砂の惑星 feat. HATSUNE MIKU",std,master
"ゴーゴー幽霊船",std,master
"パンダヒーロー",std,master
"マトリョシカ",std,master
"アンノウン・マザーグース",std,master
"アンハッピーリフレイン",std,master
"裏表ラバーズ",std,master
"ローリンガール",std,master
"ワールズエンド・ダンスホール",std,master
"このピアノでお前を8759632145回ぶん殴る",std,master
"やめろ！聴くな！",std,master
"ラブチーノ",std,master
"I ♥",std,master
"メランコリック",std,master
ZIGG-ZAGG,std,master
"スイートマジック",std,master
"リリリリ★バーニングナイト",std,master
"イアイア★ナイトオブデザイア",std,master
"ルカルカ★ナイトフィーバー",std,master
"メグメグ☆ファイアーエンドレスナイト",std,master
"深海少女",std,master
"トルコ行進曲 - オワタ＼(^o^)／",std,master
Sweetiex2,std,master
"shake it!",std,master
"Heart Beats",std,master
"天ノ弱",dx,master
"天ノ弱",std,master
"ナイトメア☆パーティーナイト",std,master
"おねがいダーリン",std,master
"フリィダム ロリィタ",std,master
"幸せになれる隠しコマンドがあるらしい",std,master
"しねばいいのに",std,master
"キレキャリオン",std,master
"ドクハク",std,master
"アルカリレットウセイ",std,master
"ロストワンの号哭",std,master
"吉原ラメント",std,master
"生きてるおばけは生きている",std,master
"踊れオーケストラ",std,master
"赤心性：カマトト荒療治",std,master
"イノコリ先生",std,master
ECHO,std,master
"東京リアルワールド",std,master
"不毛！",std,master
StargazeR,std,master
"みくみくにしてあげる♪【してやんよ】",std,master
"ぽっぴっぽー",std,master
"Nyan Cat EX",std,master
"どうしてこうなった",std,master
"magician's operation",std,master
"教えて!! 魔法のLyric",std,master
"おちゃめ機能",std,master
"BAD∞END∞NIGHT",std,master
"ロミオとシンデレラ",std,master
"ダンシング☆サムライ",std,master
"ハロ／ハワユ",std,master
"共感覚おばけ",std,master
"One Step Ahead",std,master
"Link (2)",std,master
"木彫り鯰と右肩ゾンビ",std,master
"バッド・ダンス・ホール",std,master
"デッドレッドガールズ",std,master
"林檎華憐歌",std,master
"ないせんのうた",std,master
"スカーレット警察のゲットーパトロール24時",dx,master
"銀のめぐり",dx,master
"Destiny Runner",dx,master
"三妖精SAY YA!!!",dx,master
"響け！CHIREI MY WAY!",dx,master
"悪戯センセーション",dx,master
"全力ハッピーライフ",dx,master
"紅に染まる恋の花",dx,master
"今、誰が為のかがり火へ",dx,master
"泡沫、哀のまほろば",std,master
"華鳥風月",std,master
"月に叢雲華に風",dx,master
"月に叢雲華に風",std,master
"色は匂へど散りぬるを",std,master
"大輪の魂 (feat. AO, 司芭扶)",dx,master
"物凄いヴァイブスで魔理沙が物凄いラップ",dx,master
"アマノジャクリバース feat. ｙｔｒ",std,master
"天狗の落とし文 feat. ｙｔｒ",std,master
Armageddon,dx,master
"Calamity Fortune",dx,master
"Calamity Fortune",std,master
"Spring of Dreams",dx,master
"ロストワードクロニカル",dx,master
"神々が恋した幻想郷",dx,master
"紅星ミゼラブル～廃憶編",dx,master
"イヤホンロマンス",dx,master
"マツヨイナイトバグ",dx,master
"ナイト・オブ・ナイツ (Cranky Remix)",dx,master
"ナイト・オブ・ナイツ",std,master
"疾走あんさんぶる",std,master
"サドマミホリック",std,master
"最終鬼畜妹フランドール・S",std,master
"最終鬼畜妹・一部声",std,master
"Help me, ERINNNNNN!!",std,master
"最速最高シャッターガール",std,master
"ウサテイ",std,master
"クレイジークレイジーダンサーズ",std,master
"Yet Another ”drizzly rain”",std,master
"シアワセうさぎ",std,master
"幻想に咲いた花",dx,master
"明星ロケット",std,master
"緋色のDance",std,master
YU-MU,std,master
"Sweets Time",dx,master
"エピクロスの虹はもう見えない",std,master
"トランスダンスアナーキー",dx,master
"Oath Act",dx,master
"Money Money",std,master
"LOVE EAST",std,master
"WARNING×WARNING×WARNING",dx,master
"WARNING×WARNING×WARNING",std,master
"下克上々",dx,master
"ソリッド",dx,master
"隠然",std,master
"みんなの",std,master
"幻想のサテライト",dx,master
"幻想のサテライト",std,master
"待チ人ハ来ズ。",std,master
"響縁",dx,master
"響縁",std,master
"囲い無き世は一期の月影",std,master
"儚きもの人間",std,master
"Melody！",dx,master
"永遠のメロディ",std,master
"オーディエンスを沸かす程度の能力 feat.タイツォン",std,master
"Sweet Requiem",dx,master
"taboo tears you up",dx,master
"taboo tears you up",std,master
"Dive into The Sky ～initialized～",dx,master
"Drive Your Fire",dx,master
"White Traveling Girl",std,master
"No Routine",std,master
"Scream out! -maimai SONIC WASHER Edit-",dx,master
"Scream out! -maimai SONIC WASHER Edit-",std,master
"絡繰りドール",dx,master
"不思議の国のクリスマス",std,master
"INFINITE WORLD",std,master
"Grip & Break down !!",dx,master
"Grip & Break down !!",std,master
"Cosmic Magic Shooter",std,master
"しゅわスパ大作戦☆",std,master
"全人類ノ非想天則",std,master
"Bad Apple!! feat.nomico (REDALiCE Remix)",dx,master
"Bad Apple!! feat nomico",std,master
"チルノのパーフェクトさんすう教室　⑨周年バージョン",dx,master
"チルノのパーフェクトさんすう教室　⑨周年バージョン",std,master
"チルノのパーフェクトさんすう教室",std,master
"魔理沙は大変なものを盗んでいきました",std,master
"患部で止まってすぐ溶ける～狂気の優曇華院",dx,master
"患部で止まってすぐ溶ける～狂気の優曇華院",std,master
"究極焼肉レストラン！お燐の地獄亭！",std,master
"お嫁にしなさいっ！",std,master
"キャプテン・ムラサのケツアンカー",std,master
"ひれ伏せ愚民どもっ！",std,master
"げきオコスティックファイナリアリティぷんぷんマスタースパーク",dx,master
"【東方ニコカラ】秘神マターラ feat.魂音泉【IOSYS】",std,master
"Club Ibuki in Break All",std,master
"sweet little sister",std,master
"ケロ⑨destiny",std,master
"Phantasm Brigade",std,master
"蒼空に舞え、墨染の桜",std,master
"フラグメンツ -T.V. maimai edit-",std,master
"橙の幻想郷音頭",std,master
"Starlight Dance Floor",std,master
"神々の祈り",std,master
"願いを呼ぶ季節",std,master
"宿題が終わらないっ！",std,master
"東方スイーツ！～鬼畜姉妹と受難メイド～",std,master
"少女幻葬戦慄曲 ～ Necro Fantasia",std,master
"妖精村の月誕祭 ～Lunate Elf",std,master
"ってゐ！ ～えいえんてゐVer～",std,master
"東方妖々夢 ～the maximum moving about～",std,master
"物凄い勢いでけーねが物凄いうた",std,master
"進捗どうですか？",std,master
"ハウリング",dx,master
Prismatic,dx,master
Paranoia,dx,master
"CYBER Sparks",std,master
wheel,dx,master
"Witches night",dx,master
"Starlight Vision",std,master
"幽闇に目醒めしは",std,master
"Endless, Sleepless Night",std,master
"エテルニタス・ルドロジー",std,master
"四次元跳躍機関",std,master
"Jimang Shot",std,master
"ネクロファンタジア～Arr.Demetori",std,master
"Doll Judgment",std,master
"進め！イッスン軍団 -Rebellion of the Dwarfs-",std,master
"Little ""Sister"" Bitch",dx,master
"Yakumo >>JOINT STRUGGLE (2019 Update)",dx,master
"Imperishable Night 2006 (2016 Refine)",std,master
"もうみんなしねばいいのに",std,master
Random,dx,master
Luminaria,dx,master
"田中",dx,master
"竹",dx,master
"プナイプナイせんそう",dx,master
"さんさーら！",dx,master
"Southern Cross",dx,master
"キラメキ居残り大戦争",dx,master
"ベースラインやってる？笑",dx,master
"ヒステリックナイトガール",dx,master
FLOWER,std,master
"Scars of FAUNA",std,master
"極圏",std,master
"きたさいたま2000",std,master
"Ignis Danse",std,master
"夜明けまであと３秒",std,master
"セイクリッド　ルイン",std,master
"Got more raves？",std,master
"FUJIN Rumble",std,master
"Scarlet Lance",std,master
"BLUE ZONE",dx,master
"スーパーシンメトリー",dx,master
"Brain Power",std,master
"Grievous Lady",dx,master
"Ether Strike",dx,master
Cyaegha,dx,master
Entrance,dx,master
"Lunar Mare",dx,master
Saika,dx,master
CHAOS,dx,master
Maboroshi,dx,master
BANG!,dx,master
Define,dx,master
Estahv,dx,master
"First Dance",dx,master
"Mjölnir",dx,master
"Love's Theme of BADASS ～バッド・アス 愛のテーマ～",dx,master
"BATTLE NO.1",dx,master
"ヒミツCULT",dx,master
ALiVE,dx,master
"MEGATON KICK",dx,master
"Big Daddy",dx,master
"LOSE CONTROL",dx,master
"Strange Bar",dx,master
Dreadnought,dx,master
"enchanted love",dx,master
"Caterpillar Song",dx,master
Upshift,dx,master
MOBILYS,dx,master
"CO5M1C R4ILR0AD",dx,master
"MAKE IT FUNKY NOW",dx,master
Rush-More,dx,master
"Re：End of a Dream",dx,master
MilK,std,master
"もぺもぺ",dx,master
"Sound Chimera",dx,master
"felys -final remix-",dx,master
"Arty Party",dx,master
"カラッポ・ノンフィクション",dx,master
c.s.q.n.,dx,master
emomomo,dx,master
"アトロポスと最果の探究者",dx,master
"energy trixxx",dx,master
NULCTRL,dx,master
"Black Lair",dx,master
Altale,std,master
Destr0yer,dx,master
Destr0yer,std,master
Halcyon,dx,master
Halcyon,std,master
"サンバランド",dx,master
"サンバランド",std,master
"End Time",std,master
"L4TS:2018 (feat. あひる & KTA)",std,master
B.M.S.,std,master
"ENERGY SYNERGY MATRIX",dx,master
"ENERGY SYNERGY MATRIX",std,master
"FREEDOM DiVE (tpz Overcute Remix)",std,master
Credits,std,master
"ULTRA B+K",std,master
"GO BACK 2 YOUR RAVE",std,master
B.B.K.K.B.K.K.,std,master
"魔法少女になるしかねぇ",std,master
"人里に下ったアタイがいつの間にか社畜になっていた件",std,master
Maxi,std,master
"KISS CANDY FLAVOR",std,master
conflict,dx,master
conflict,std,master
EVERGREEN,std,master
"Party 4U ”holy nite mix”",std,master
GOODMEN,std,master
"Sakura Fubuki",std,master
METATRON,std,master
"オモイヨシノ",std,master
L9,std,master
"Good Bye, Mr. Jack",std,master
"麒麟",std,master
"Jack-the-Ripper◆",std,master
DRAGONLADY,std,master
"若い力",dx,master
"デコボコ体操第二",std,master
"Let's Go Away",std,master
"Conquista Ciela",std,master
"Reach For The Stars (Re-Colors)",dx,master
"Reach For The Stars",std,master
"Fist Bump",std,master
"Live & Learn",std,master
"Back 2 Back",std,master
"Windy Hill -Zone 1",std,master
"City Escape: Act1",std,master
"Rooftop Run: Act1",std,master
"終わりなき物語",std,master
"Our Fighting",std,master
"Save This World νMIX",std,master
"Living Universe",std,master
"Ignite Infinity",std,master
"Garden Of The Dragon",std,master
"時空を超えて久しぶり！",std,master
"Her Dream Is To Be A Fantastic Sorceress",std,master
"キズナの物語",std,master
"STAIRWAY TO GENERATION",std,master
"Last Brave ～ Go to zero",std,master
"Urban Crusher [Remix]",std,master
"Catch The Future",std,master
awake,std,master
"Terminal Storm",std,master
"After Burner",std,master
"Space Harrier Main Theme [Reborn]",std,master
"Quartet Theme [Reborn]",std,master
"Sky High [Reborn]",std,master
"Like the Wind [Reborn]",std,master
"YA･DA･YO [Reborn]",std,master
"Crush On You",std,master
"Sun Dance",std,master
"In Chaos",std,master
"Beat Of Mind",std,master
"Natural Flow",std,master
"JACKY [Remix]",std,master
"Mysterious Destiny",std,master
"Riders Of The Light",std,master
"コトバ・カラフル",std,master
"天国と地獄",std,master
"きみのためなら死ねる",std,master
"The Great Journey",std,master
"Burning Hearts ～炎のANGEL～",std,master
"かせげ！ジャリンコヒーロー",std,master
"ココロスキャンのうた",std,master
"超絶！Superlative",std,master
"采配の刻 Power of order",std,master
"DO RORO DERODERO ON DO RORO",std,master
"源平大戦絵巻テーマソング",std,master
"怪盗Rのテーマ",std,master
"マリアをはげませ",std,master
"SHOW TIME",std,master
"円舞曲、君に",std,master
"御旗のもとに",std,master
"地上の戦士",std,master
"檄！帝国華撃団(改)",std,master
"Outlaw's Lullaby",std,master
"Brand-new Japanesque",std,master
"鼓動",std,master
"神室雪月花",std,master
"KONNANじゃないっ！",std,master
"セガサターン起動音[H.][Remix]",std,master
"レッツゴー!陰陽師",std,master
"オパ! オパ! RACER -GMT mashup-",std,master
"電車で電車でOPA!OPA!OPA! -GMT mashup-",std,master
"リッジでリッジでGO!GO!GO! -GMT mashup-",std,master
"電車で電車でGO!GO!GO!GC! -GMT remix-",std,master
"RIDGE RACER STEPS -GMT remix-",std,master
"ファンタジーゾーン OPA-OPA! -GMT remix-",std,master
"DADDY MULK -Groove remix-",std,master
"ホシシズク",dx,master
"分解収束テイル",dx,master
"ミルキースター・シューティングスター",dx,master
"パーフェクション",dx,master
"デーモンベット",dx,master
"アンビバレンス",dx,master
"届かない花束",dx,master
"ステップアンドライム",dx,master
"シアトリカル・ケース",dx,master
"ワードワードワード",dx,master
"ヤミツキ",dx,master
"Secret Sleuth",dx,master
"BLACK ROSE",dx,master
"咲キ誇レ常世ノ華",std,master
"天国と地獄 -言ノ葉リンネ-",std,master
"相思創愛",std,master
"空威張りビヘイビア",std,master
"分からない",std,master
"洗脳",std,master
"Barbed Eye",std,master
"言ノ葉遊戯",std,master
"りばーぶ",std,master
"言ノ葉カルマ",std,master
"悪戯",std,master
"Rising on the horizon",dx,master
"Rainbow Rush Story",dx,master
"Tricolor⁂circuS",dx,master
[X],dx,master
"mystique as iris",dx,master
"Jouez Avec Moi?",dx,master
"遺伝子レベル∞スパイラル",dx,master
"パラマウント☆ショータイム！！",dx,master
"白花の天使",dx,master
"ｉｓｏｐｈｏｔｅ",dx,master
"前衛的Landscape",dx,master
"トリアージ",dx,master
"とびだせ！TO THE COSMIC!!",dx,master
"Starry Colors",dx,master
"星めぐり、果ての君へ。",dx,master
"スローアライズ",dx,master
"生命不詳",dx,master
"チエルカ／エソテリカ",dx,master
"VANTABLACK RAVER",dx,master
"ワンダーシャッフェンの法則",dx,master
BIRTH,dx,master
Regulus,dx,master
Komplexe,dx,master
"オリフィス",dx,master
"ユメヒバナ",dx,master
"REAL VOICE",dx,master
"パラボラ",dx,master
"ブレインジャックシンドローム",dx,master
Ututu,dx,master
"共鳴",dx,master
"居並ぶ穀物と溜息まじりの運送屋",dx,master
"マイオドレ！舞舞タイム",dx,master
"ぼくたちいつでも　しゅわっしゅわ！",dx,master
"絡めトリック利己ライザー",dx,master
"でらっくmaimai♪てんてこまい!",dx,master
"超常マイマイン",dx,master
STEREOSCAPE,dx,master
"Crazy Circle",dx,master
OTOGEMA,dx,master
"♡マイマイマイラブ♡",dx,master
"タカハせ！名人マン",std,master
"星空パーティーチューン",dx,master
"シエルブルーマルシェ",dx,master
"噛み係",dx,master
"いっしそう電☆舞舞神拳！",std,master
Paradisoda,dx,master
"福宿音屋魂音泉",dx,master
"キリキリ舞Mine",dx,master
"FEEL the BEATS",std,master
"FEEL ALIVE",std,master
"BREAK YOU!!",std,master
"KING is BACK!!",std,master
"welcome to maimai!! with マイマイマー",std,master
"みんなのマイマイマー",std,master
"Scarlet Wings",dx,master
"End of Twilight",std,master
"一か罰",dx,master
"夢花火",std,master
"Now or Never",dx,master
Justified,std,master
"SPILL OVER COLORS",std,master
"アージェントシンメトリー",std,master
Dreampainter,std,master
"Monochrome Rainbow",std,master
"花と、雪と、ドラムンベース。",std,master
FestivaLight,std,master
"Candy Tall Woman",std,master
"Kinda Way",std,master
"Magical Flavor",std,master
"曖昧mind",std,master
"Limit Break",std,master
"オトヒメモリー☆ウタゲーション",std,master
Selector,std,master
"スリップフリップ",std,master
CYCLES,std,master
Lionheart,std,master
Heartbeats,std,master
"JUMPIN' JUMPIN'",std,master
"L'épilogue",std,master
"ぐるぐるWASH！コインランドリー・ディスコ",std,master
"Spin me harder",std,master
"Night Fly",std,master
"Starlight Disco",dx,master
"Starlight Disco",std,master
"ENJOY POLIS",std,master
"記憶、記録",std,master
"connecting with you",std,master
"Believe the Rainbow",std,master
"MIRROR of MAGIC",std,master
"Cosmic Train",std,master
"BETTER CHOICE",std,master
"ユビキリ",std,master
"planet dancer",std,master
"ナミダと流星",std,master
"ピーマンたべたら",std,master
"maimaiちゃんのテーマ",std,master
"Pixel Voyage",std,master
"Sweets×Sweets",std,master
"虹と太陽",std,master
"Color My World",std,master
"True Love Song",std,master
"ソーラン☆節",std,master
"おても☆Yan",std,master
"炭★坑★節",std,master
"ネコ日和。",std,master
"犬日和。",std,master
"Endless World",std,master
"Backyun! －悪い女－",std,master
"BaBan!! －甘い罠－",std,master
"オレンジの夏",std,master
"ぴぴぱぷぅ！",std,master
"炎歌 -ほむらうた-",std,master
"泣き虫O'clock",std,master
"maiム・maiム feat.週刊少年マガジン",std,master
"ジングルベル",std,master
"Jörqer",dx,master
"デスパレイト",std,master
"Sqlupp (Camellia's ""Sqleipd*Hiytex"" Remix)",dx,master
Valsqotch,dx,master
P-qoq,dx,master
"World's end loneliness",dx,master
Metamorphosism,dx,master
"WiPE OUT MEMORIES",dx,master
"チューリングの跡",dx,master
"Swift Swing",dx,master
Sage,dx,master
Irresistible,dx,master
HAGAKIRI,dx,master
HECATONCHEIR,dx,master
"N3V3R G3T OV3R",dx,master
"Strive against fate",dx,master
"sølips",dx,master
"Trick tear",dx,master
"U&iVERSE -銀河鸞翔-",dx,master
"躯樹の墓守",dx,master
"ヨミビトシラズ",dx,master
"Round Round Spinning Around",dx,master
Alcyone,dx,master
"Raven Emperor",dx,master
Yorugao,dx,master
"華の集落、秋のお届け",dx,master
"星詠みとデスペラード",dx,master
"BLACK SWAN",dx,master
"NAGAREBOSHI☆ROCKET",dx,master
Lia=Fail,dx,master
"Never Give Up!",dx,master
"ほしぞらスペクタクル",dx,master
"VIIIbit Explorer",dx,master
"VIIIbit Explorer",std,master
"Last Samurai",dx,master
"蒼穹舞楽",dx,master
AMABIE,dx,master
"時計の国のジェミニ",dx,master
Xenovcipher,dx,master
"Beautiful Future",dx,master
Mutation,dx,master
"Aetheric Energy",dx,master
"≠彡""/了→",dx,master
"Boys O’Clock",dx,master
ARAIS,dx,master
"渦状銀河のシンフォニエッタ",dx,master
"GRÄNDIR",dx,master
"封焔の135秒",dx,master
"Stardust Memories",dx,master
Flashkick,dx,master
UniTas,dx,master
"ここからはじまるプロローグ。",dx,master
"Heavenly Blast",dx,master
"Glorious Crown",std,master
Aiolos,std,master
"Technicians High",dx,master
"Technicians High",std,master
"Hyper Active",std,master
"BREaK! BREaK! BREaK!",dx,master
"Life Feels Good",std,master
MYTHOS,std,master
"We Gonna Party",std,master
"GIGANTØMAKHIA",dx,master
"STEEL TRANSONIC",dx,master
"Alea jacta est!",std,master
"AMAZING MIGHTYYYY!!!!",std,master
"My My My",dx,master
"CITRUS MONSTER",std,master
"モ°ルモ°ル",dx,master
"the EmpErroR",std,master
"ガラテアの螺旋",std,master
TEmPTaTiON,dx,master
"SILENT BLUE",std,master
"アポカリプスに反逆の焔を焚べろ",dx,master
"ねぇ、壊れタ人形ハ何処へ棄テらレるノ？",std,master
"TwisteD! XD",dx,master
"QZKago Requiem",std,master
"Our Wrenally",std,master
"Contrapasso -paradiso-",std,master
"Oshama Scramble!",dx,master
"Oshama Scramble!",std,master
"Garakuta Doll Play",std,master
"Blew Moon",std,master
Acceleration,std,master
"バーチャルダム　ネーション",dx,master
"Moon of Noon",std,master
"Blows Up Everything",dx,master
Dragoon,std,master
"魔ジョ狩リ",dx,master
MAXRAGE,dx,master
"PANDORA PARADOXXX",std,master
"天火明命",std,master
7thSense,std,master
FFT,std,master
Panopticon,std,master
"雷切-RAIKIRI-",std,master
Schwarzschild,std,master
"Black Out",std,master
Fragrance,std,master
"Excalibur ～Revived resolution～",std,master
"Caliburne ～Story of the Legendary sword～",std,master
"Death Scythe",std,master
LUCIA,std,master
Lividi,std,master
Axeria,std,master
Ragnarok,std,master
larva,std,master
"keep hopping",std,master
"Mare Maris",std,master
Signature,std,master
Ultranova,std,master
"四月の雨",std,master
"Imitation:Loud Lounge",std,master
HERA,std,master
"Jumble Rumble",std,master
"Nitrous Fury",std,master
"Revive The Rave",std,master
"GEMINI -M-",std,master
LANCE,std,master
"D✪N’T  ST✪P  R✪CKIN’",std,master
oboro,std,master
Streak,std,master
"Turn around",std,master
Link,std,master
Nerverakes,std,master
Sprintrances,std,master
"Feel My Fire",std,master
"air's gravity",std,master
"Beat of getting entangled",std,master
"高気圧ねこロック",std,master
"Prophesy One",std,master
"Get Happy",std,master
"System “Z”",std,master
"火炎地獄",dx,master
"火炎地獄",std,master
"Danza zandA",std,master
VERTeX,std,master
ViRTUS,dx,master
"全世界共通リズム感テスト",std,master
"Catch Me If You Can",dx,master
"MAGNETAR GIRL",dx,master
"SUPER AMBULANCE",dx,master
"蜘蛛の糸",dx,master
STARTLINER,dx,master
"Jump!! Jump!! Jump!!",dx,master
"最強 the サマータイム!!!!!",dx,master
"Splash Dance!!",dx,master
"No Limit RED Force",dx,master
"Transcend Lights",dx,master
UTAKATA,dx,master
"タテマエと本心の大乱闘",dx,master
"ポケットからぬりつぶせ！",dx,master
"トリドリ⇒モリモリ！Lovely fruits☆",dx,master
"Kiss Me Kiss",dx,master
"ぱくぱく☆がーる",dx,master
"撩乱乙女†無双劇",dx,master
Titania,dx,master
YURUSHITE,dx,master
"Desperado Waltz",dx,master
"BOUNCE & DANCE",dx,master
"MEGATON BLAST",dx,master
"脳天直撃",dx,master
LiftOff,dx,master
"Falsum Atlantis.",dx,master
"See The Light",dx,master
"エータ・ベータ・イータ",dx,master
"Good bye, Merry-Go-Round.",dx,master
"We Are Us",dx,master
Limits,dx,master
"Agitation！",dx,master
"オーケー？　オーライ！",dx,master
"サヨナラフリーウェイ",dx,master
"単一指向性オーバーブルーム",dx,master
"みなえをチェック！",dx,master
"Change Our MIRAI！",dx,master
"Change Our MIRAI！",std,master
"無敵We are one!!",std,master
"ドキドキDREAM!!!",std,master
Still,std,master
"Session High⤴",std,master
"管弦楽組曲 第3番 ニ長調「第2曲（G線上のアリア）」BWV.1068-2",dx,master
"ハート・ビート",std,master
"brilliant better",std,master
"フォルテシモBELL",std,master
"DETARAME ROCK&ROLL THEORY",std,master
"私の中の幻想的世界観及びその顕現を想起させたある現実での出来事に関する一考察",std,master
"猛進ソリストライフ！",std,master
"My Dearest Song",std,master
"SPICY SWINGY STYLE",std,master
"Bang Babang Bang!!!",std,master
"Tic Tac DREAMIN’",std,master
"猫祭り",std,master
TRUST,std,master
"奏者はただ背中と提琴で語るのみ",std,master
"イロトリドリのメロディ",std,master
-OutsideR:RequieM-,std,master
"あねぺったん",std,master
"なるとなぎのパーフェクトロックンロール教室",std,master
"Help me, あーりん！",std,master
Counselor,std,master
"閃鋼のブリューナク",std,master
"Infantoon Fantasy",std,master
"幾四音-Ixion-",std,master
Invitation,std,master
"その群青が愛しかったようだった",std,master
"The wheel to the right",std,master
Trrricksters!!,dx,master
"光線チューニング",std,master
"心象蜃気楼",std,master
"エンドマークに希望と涙を添えて",std,master
"World Vanquisher",std,master
Xevel,std,master
"We Gonna Journey",std,master
"My First Phone",std,master
"怒槌",std,master
"TiamaT:F minor",std,master
"Kattobi KEIKYU Rider",std,master
"玩具狂奏曲 -終焉-",dx,master
BOKUTO,dx,master
"立川浄穢捕物帳",dx,master
"CHOCOLATE BOMB!!!!",dx,master
"はちみつアドベンチャー",dx,master
popcorn,dx,master
Climax,dx,master
"レーイレーイ",dx,master
"宛城、炎上！！",dx,master
"ハジマリノピアノ",dx,master
"宿星審判",dx,master
"スピカの天秤",dx,master
"ハードコア・シンドローム",dx,master
"パズルリボン",dx,master
"ツクヨミステップ",dx,master
"コスモポップファンクラブ",dx,master
folern,dx,master
"otorii INNOVATED -[i]3-",dx,master
"テリトリーバトル",dx,master
8-EM,dx,master
